block,trial,problem,corr_resp,sub_resp,sub_acc,resp_time
0,0,"('1+3=', 4)",4,2,0,0.9295969819650054
0,1,"('1+1=', 2)",2,2,1,0.7195120768155903
0,2,"('4-1=', 3)",3,2,0,1.2014862769283354
0,3,"('4-1=', 3)",3,3,1,1.5347027180250734
1,0,"('1+3=', 4)",4,2,0,0.9295969819650054
1,1,"('1+1=', 2)",2,2,1,0.7195120768155903
1,2,"('4-1=', 3)",3,2,0,1.2014862769283354
1,3,"('4-1=', 3)",3,3,1,1.5347027180250734
